month,day,perc05,perc10,perc25,median,perc75,perc90,perc95,station_name
1,1,135.4,196.4,260,308,351,402.8,415.3999999999999,Comal
1,2,139,195.2,260,308,347,402.20000000000005,418.4,Comal
1,3,139.8,194.60000000000002,262,308,347,401.20000000000005,414.2,Comal
1,4,141.4,194.20000000000002,262,308,347,400.6,414.4,Comal
1,5,140.60000000000002,194.4,260,310,351,399.6,412.4,Comal
1,6,140.60000000000002,195.2,262,310,349,398.40000000000003,415.4,Comal
1,7,139.8,195.2,266,309,350,396.00000000000006,415.79999999999995,Comal
1,8,140.60000000000002,197.60000000000002,262,310,350,397.20000000000005,415.59999999999997,Comal
1,9,138.20000000000002,196.2,266,310,348,399.20000000000005,414.79999999999995,Comal
1,10,138.20000000000002,196.6,266,310,349,399.6,417.2,Comal
1,11,137.79999999999998,196.2,266,309,349,402.8,413.19999999999993,Comal
1,12,138.6,199.4,265,309,347,404.4,416.2,Comal
1,13,138.4,201.20000000000002,265,308,350,405.8,417.2,Comal
1,14,139,202.40000000000003,264,308,350,402,413.79999999999995,Comal
1,15,139,203.20000000000002,264,308,349,402,414.59999999999997,Comal
1,16,139.2,202.00000000000003,264,309,347,402,417.2,Comal
1,17,140,202.00000000000003,264,309,347,398.80000000000007,418.5999999999999,Comal
1,18,140.4,202.40000000000003,266,311,347,400.8,417.3999999999999,Comal
1,19,140.4,202.8,266,308,349,401.20000000000005,419.19999999999993,Comal
1,20,141.20000000000002,203.20000000000002,266,309,350,400.20000000000005,419.19999999999993,Comal
1,21,142.4,202.8,266,308,350,399.6,422,Comal
1,22,152,202.8,266,308,350,398.20000000000005,419.19999999999993,Comal
1,23,159.60000000000002,204,266,308,347,397.4,419.19999999999993,Comal
1,24,166.20000000000002,204,266,311,351,398,417.19999999999993,Comal
1,25,167.40000000000003,203.20000000000002,266,311,349,398,416.79999999999995,Comal
1,26,168.4,203.60000000000002,265,312,351,397.4,417.2,Comal
1,27,169.6,203.60000000000002,262,311,348,396.8,416.4,Comal
1,28,170.4,208,262,311,348,399,417.2,Comal
1,29,171.20000000000002,206.8,262,308,350,398.4,418.2,Comal
1,30,171.20000000000002,207.2,262,309,348,397.4,418.3999999999999,Comal
1,31,173,205.60000000000002,258,308,350,397.4,416.7999999999999,Comal
2,1,174,204.8,258,308,349,396.4,416.4,Comal
2,2,174.8,204.8,258,308,350,396.4,416.4,Comal
2,3,175,203.20000000000002,256,309,350,399.40000000000003,420.79999999999995,Comal
2,4,175.8,202.40000000000003,258,308,351,401.6,424.4,Comal
2,5,175.60000000000002,200.60000000000002,262,308,351,400.20000000000005,424.99999999999994,Comal
2,6,174.2,201.4,260,308,351,403,424.99999999999994,Comal
2,7,173.60000000000002,202.2,256,308,350,403.6,424.99999999999994,Comal
2,8,171.8,201.4,254,308,351,402,424.99999999999994,Comal
2,9,172.6,202.2,254,307,350,400.40000000000003,425.19999999999993,Comal
2,10,174.2,202.6,253,309,350,400.40000000000003,425.3999999999999,Comal
2,11,174.2,202.2,254,308,349,401.4,425.7999999999999,Comal
2,12,173,203.4,255,308,350,399,425.9999999999999,Comal
2,13,172,204.6,258,308,350,399,425.9999999999999,Comal
2,14,171,206.20000000000002,258,308,350,403.20000000000005,424.99999999999994,Comal
2,15,171.40000000000003,205.60000000000002,258,309,350,402.6,426.59999999999997,Comal
2,16,171.8,205.60000000000002,258,311,348,402.20000000000005,424.99999999999994,Comal
2,17,170.60000000000002,203.8,258,308,350,401.6,424.99999999999994,Comal
2,18,170.60000000000002,202.60000000000002,260,308,351,400.4000000000001,429.79999999999995,Comal
2,19,171,205,262,308,350,405.20000000000005,429.59999999999997,Comal
2,20,168.4,207.40000000000003,264,308,351,407.4,429.99999999999994,Comal
2,21,168.75,204.5,262.5,308.5,350.25,404,427,Comal
2,22,170.25,205,261.75,309.5,346.75,400,426.5,Comal
2,23,170.75,205.5,262,309.5,346.25,396,425.25,Comal
2,24,171,207,261.25,308,345.25,396,423.25,Comal
2,25,169.8,207.40000000000003,262,308,345,397.20000000000005,419.19999999999993,Comal
2,26,168.2,209.8,262,308,345,397.20000000000005,419.19999999999993,Comal
2,27,167.40000000000003,208.60000000000002,262,309,345,397.20000000000005,419.19999999999993,Comal
2,28,167.40000000000003,207.40000000000003,262,308,345,394.80000000000007,419.19999999999993,Comal
2,29,171,195.40000000000003,264,308,340,365,380.99999999999994,Comal
3,1,166.20000000000002,206.20000000000002,261,308,345,392.40000000000003,418.79999999999995,Comal
3,2,164,205.00000000000003,259,308,345,391.80000000000007,418.59999999999997,Comal
3,3,162.8,202.40000000000003,258,308,345,389.4,418,Comal
3,4,160.8,201.20000000000002,260,308,345,386.6,413.19999999999993,Comal
3,5,160,200.40000000000003,259,305,345,384.80000000000007,413.19999999999993,Comal
3,6,160.2,198.8,259,308,345,384,413.19999999999993,Comal
3,7,159.4,197,260,308,351,384.40000000000003,413.19999999999993,Comal
3,8,158.8,197,258,308,351,387.20000000000005,413.19999999999993,Comal
3,9,156.25,195,258,308,348.75,384,413.5,Comal
3,10,154,195.5,258,308,353,384,412,Comal
3,11,153.5,198,258.75,308,351.5,383.5,412,Comal
3,12,152.75,201,260.75,308,350.5,384.5,411.25,Comal
3,13,152.8,200.8,259,308,350,385.6,412.59999999999997,Comal
3,14,152.8,201.60000000000002,261,308,350,381.20000000000005,412,Comal
3,15,154,202.8,259,309,350,381.6,412,Comal
3,16,155.6,202.20000000000002,259,308,353,384.4,411.2,Comal
3,17,157.20000000000002,203.6,255,308,350,382.8,411.2,Comal
3,18,158.8,202.20000000000002,254,307,350,385.20000000000005,411.2,Comal
3,19,157.8,201.60000000000002,254,304,350,387.6,411.2,Comal
3,20,159,201,257,304,350,385.4,410.4,Comal
3,21,160.6,200.6,254,307,350,385,412.4,Comal
3,22,160.8,201,254,304,353,388,411.2,Comal
3,23,160.8,201,258,304,347,388.80000000000007,411.2,Comal
3,24,159.8,199.2,258,304,350,390.00000000000006,408.79999999999995,Comal
3,25,159.8,199.6,258,304,348,388.80000000000007,407.79999999999995,Comal
3,26,159.8,199.2,258,304,350,387.6000000000001,408.79999999999995,Comal
3,27,157.4,198.4,256,303,350,385.80000000000007,407.79999999999995,Comal
3,28,157.60000000000002,198.4,254,304,350,386.20000000000005,406.19999999999993,Comal
3,29,155.8,196.8,254,304,347,388.8,407.79999999999995,Comal
3,30,155.8,195,250,304,350,390,407.2,Comal
3,31,153.75,196,256,304.5,350,390,407.25,Comal
4,1,152.6,194,250,305,345,386.20000000000005,402.59999999999997,Comal
4,2,151.6,194.60000000000002,249,304,347,386.20000000000005,405.4,Comal
4,3,148.8,194.8,250,305,347,383.20000000000005,404.59999999999997,Comal
4,4,147,195,250,304,344,383.20000000000005,410.4,Comal
4,5,149.60000000000002,194.4,252,304,340,382,402.99999999999994,Comal
4,6,148.8,193.2,254,308,340,381.4,402.4,Comal
4,7,148.8,192.4,254,310,340,383.8,402.99999999999994,Comal
4,8,147,189.4,254,309,344,383,406.59999999999997,Comal
4,9,146.6,188.8,257,308,342,384.4,400.79999999999984,Comal
4,10,149,188.2,259,308,338,383.20000000000005,402.99999999999994,Comal
4,11,149.8,189.4,262,303,338,383.20000000000005,403.5999999999999,Comal
4,12,149.8,190.6,262,301,340,380.8,405.4,Comal
4,13,147.2,191.4,261,305,344,382,407.2,Comal
4,14,146.4,191.40000000000003,258,305,347,383.6,407.79999999999995,Comal
4,15,146.20000000000002,190,254,305,347,380,407.2,Comal
4,16,144.8,191.8,254,301,344,382.40000000000003,407,Comal
4,17,144,192,254,304,345,382,403.79999999999995,Comal
4,18,143,192,254.75,303,345.5,383,402,Comal
4,19,142.6,193.8,254,306,346,386.00000000000006,406,Comal
4,20,142.6,194.60000000000002,254,304,347,386.00000000000006,402.79999999999995,Comal
4,21,141,195.2,254,304,345,385.40000000000003,406.79999999999995,Comal
4,22,141.60000000000002,194,250,302,342,386.6,406.3999999999999,Comal
4,23,144,193.60000000000002,250,304,344,385.40000000000003,406.7999999999999,Comal
4,24,142,192.8,250,308,345,383.6,405.99999999999994,Comal
4,25,140.6,194,250,304,348,385.4,402.7999999999999,Comal
4,26,143.2,191.2,246,304,346,381.40000000000003,405.19999999999993,Comal
4,27,145,191.6,246,308,346,383.20000000000005,401.9999999999999,Comal
4,28,145.25,190.5,245.25,303.5,347.75,382.5,399.75,Comal
4,29,146.6,188,243.5,304,347.5,386,408.6,Comal
4,30,147.6,187.4,243.5,300,347.5,386.6,410.59999999999997,Comal
5,1,147.75,186.5,245.5,299.5,348,388,413,Comal
5,2,146.5,187.5,242.75,300,347,387,409,Comal
5,3,145,185,242,299,347.75,386,408.75,Comal
5,4,144.8,183.6,246,299,350,384.80000000000007,407.2,Comal
5,5,144.6,183.6,242,299,347,387.8,402.59999999999997,Comal
5,6,144.25,181,241.75,301.5,345,391,404.75,Comal
5,7,144.4,178.4,242,300,344.5,391.40000000000003,407,Comal
5,8,144.75,178.5,239,299.5,344.25,390.5,410.5,Comal
5,9,144,177.60000000000002,238,299,345,391.20000000000005,413.99999999999994,Comal
5,10,144,176.6,238,300,342,390,418.4,Comal
5,11,143.8,175.2,235,303,339,389.20000000000005,415.3999999999999,Comal
5,12,145.4,175.2,238,304,339,387.6,412.1999999999998,Comal
5,13,149.75,174.5,237.5,304,343.5,389.5,413.5,Comal
5,14,151.5,174,235.75,306,342.75,386,412.75,Comal
5,15,149.4,174.20000000000002,237,304,345,384.4,413.19999999999993,Comal
5,16,146.40000000000003,172.2,242,304,349,386.40000000000003,413.19999999999993,Comal
5,17,143.8,174.8,242,304,352,386.6,412,Comal
5,18,142,175.6,242,308,353,385,412.79999999999995,Comal
5,19,141,178,244,311,352,382.20000000000005,409.99999999999994,Comal
5,20,141.60000000000002,178.4,242,308,352,385,412.2,Comal
5,21,142.8,178.60000000000002,240,308,350,381.6,413.19999999999993,Comal
5,22,143.4,173.60000000000002,242,308,351,383.20000000000005,413.9999999999999,Comal
5,23,141,168.60000000000002,243,304,352,381.40000000000003,418.79999999999995,Comal
5,24,137,164.5,240.25,304,350.5,378.5,420.5,Comal
5,25,136.75,164.5,239.5,305.5,351.25,382,417.5,Comal
5,26,139.25,167,239.5,306,352.5,385,417.25,Comal
5,27,138,164.20000000000005,239,304,355,380.80000000000007,418,Comal
5,28,138,161,239.25,304,352.75,381.5,421.25,Comal
5,29,136.25,161.5,236.75,304,352,380,418.75,Comal
5,30,134.5,161.5,234.5,306,355,381,418.5,Comal
5,31,133.25,156.5,232.75,305,350,382.5,418.5,Comal
6,1,132.25,154,235.25,307,349.25,388,418.5,Comal
6,2,132.60000000000002,155.60000000000002,236,306,347,390.4,418,Comal
6,3,131.20000000000002,155.4,237,305,348,389.40000000000003,418,Comal
6,4,125.80000000000001,155.60000000000002,237,303,344,385.6000000000001,413.99999999999994,Comal
6,5,122.2,152.8,233,304,340,385,418,Comal
6,6,115.60000000000002,149.2,229,301,343,382.4,418,Comal
6,7,109.00000000000001,145.8,229,305,342,384.20000000000005,412.59999999999997,Comal
6,8,103.6,143.40000000000003,229,301,340,383,408.7999999999999,Comal
6,9,100.4,141.8,242,302,342,384,412,Comal
6,10,98.7,141.20000000000002,238,300,342,385,412,Comal
6,11,99.8,139.60000000000002,237,299,345,382.80000000000007,407.59999999999997,Comal
6,12,102.02000000000001,139.20000000000005,234,299,343,383.8,407,Comal
6,13,104.49000000000001,132.4,229.5,294,348.5,383.6,412.3,Comal
6,14,104.25,132,234,295.5,352.5,384,415.25,Comal
6,15,102.10000000000001,134.6,229.5,294,352,388.80000000000007,412.69999999999993,Comal
6,16,102,134,227,292,349,388.80000000000007,409,Comal
6,17,98.80000000000001,134.5,230.5,297.5,349,389.5,410,Comal
6,18,95.6,136,231,299,347,385.8,407.3999999999999,Comal
6,19,95.98,133,229,300,348,388.20000000000005,406.4,Comal
6,20,93.60000000000001,130.6,226,299,349,387.4,401.39999999999986,Comal
6,21,92.4,128,223,299,347,389,399.5999999999998,Comal
6,22,90.4,126.80000000000001,226,296,349,384.4,405.3999999999999,Comal
6,23,88.6,125,227,297,348,379.4,409.59999999999997,Comal
6,24,86.80000000000001,124.6,221,294,350,376.6,405.4,Comal
6,25,86.28,124.6,225,294,348,375.8,406.2,Comal
6,26,86.60000000000001,128.6,222,301,346,375.8,408.79999999999995,Comal
6,27,86.12,129,218,304,346,376.4,404.99999999999994,Comal
6,28,86.46000000000001,127,215,302,345,377,397.5999999999999,Comal
6,29,86.80000000000001,128,211,299,345,373,398.1999999999999,Comal
6,30,87.40000000000002,128.60000000000002,211,299,344,373.4,397.3999999999999,Comal
7,1,88.00000000000001,127.4,206,300,344,371.8,396.79999999999995,Comal
7,2,85.68,126.40000000000002,201,297,343,374.6,400,Comal
7,3,83.34000000000002,126.00000000000001,207,300,348,372.6,397.2,Comal
7,4,82.62,126.00000000000001,206,299,347,373.8,394.99999999999994,Comal
7,5,81.35,124.5,203.25,295.5,350.25,374.5,391.75,Comal
7,6,84.45,122.5,203.25,294,346,374,390.5,Comal
7,7,84.525,121,206,293.5,345.25,375.5,392.5,Comal
7,8,83.125,118,207,294,343.5,377,394.25,Comal
7,9,82.98,118.00000000000001,208,294,343,378.20000000000005,393,Comal
7,10,83.86000000000001,116.80000000000001,204,292,345,379.4,394.4,Comal
7,11,84.72000000000001,115,204,290,346,379.20000000000005,395.5999999999999,Comal
7,12,85.60000000000001,113.2,204,290,344,380.8,392.79999999999995,Comal
7,13,86.2,111.2,203,291,343,376,394.4,Comal
7,14,85.22000000000001,109.6,203,289,342,377.6,396,Comal
7,15,88.96000000000001,109.6,205,289,340,375.4,396.99999999999994,Comal
7,16,90.56,109.6,205,289,339,379.4,400.4,Comal
7,17,91.84,109.6,201,288,338,379.4,403.79999999999995,Comal
7,18,92.25,110,199.75,288,340,381.5,400.5,Comal
7,19,89.5,108,198.75,291.5,336.25,376.5,398.75,Comal
7,20,89.00000000000001,107.40000000000002,201,290,336,371.8,396.59999999999985,Comal
7,21,88,106.00000000000001,202,288,335,372.40000000000003,401.3999999999999,Comal
7,22,87.4,108,201,289,335,375.8,399.59999999999997,Comal
7,23,86.4,108,200,286,334,375.4,395.5999999999999,Comal
7,24,86.2,107.8,198,281,333,376.4,395.5999999999999,Comal
7,25,88.76,108.6,196,281,333,377,391.99999999999994,Comal
7,26,88.68,109.80000000000001,195,283,333,377,392.39999999999986,Comal
7,27,88.62,111,193,280,333,377.40000000000003,392.39999999999986,Comal
7,28,89.6,110.2,191,282,336,375.8,393.3999999999999,Comal
7,29,88,108.20000000000002,192,283,336,374.4,391.19999999999993,Comal
7,30,88,106.2,188,282,332,372.40000000000003,386.79999999999995,Comal
7,31,84.78,105.00000000000001,188,281,332,371.20000000000005,390.59999999999997,Comal
8,1,81.3,105,185,281,332,371.20000000000005,386.4,Comal
8,2,79.06,110.00000000000001,185,282,329,372.4,386.2,Comal
8,3,77.08,108.00000000000001,187,280,330,370,388.4,Comal
8,4,75.8,107.60000000000002,184,281,330,368.20000000000005,387.3999999999999,Comal
8,5,74.80000000000001,104.4,184,285,331,367.4,385.59999999999985,Comal
8,6,73.80000000000001,102.20000000000002,184,281,330,366.4,383.5999999999999,Comal
8,7,73.60000000000001,99.60000000000001,189,281,333,365.8,383.99999999999994,Comal
8,8,74.76,96.80000000000001,189,278,329,361,383.4,Comal
8,9,75.92000000000002,95.6,188,278,330,362.40000000000003,384.2,Comal
8,10,77.16000000000001,96,186,281,329,361.4,385,Comal
8,11,77.60000000000001,94.96000000000001,187,278,326,362.4,385.2,Comal
8,12,75.60000000000002,93.36000000000001,188,274,326,364.4,379.59999999999985,Comal
8,13,73.4,94.160000000000025,188,272,327,362.40000000000003,377.59999999999985,Comal
8,14,71.20000000000002,93.20000000000002,187,274,329,362,377.9999999999999,Comal
8,15,71.60000000000002,93.20000000000002,189,276,328,361.8,377.9999999999999,Comal
8,16,72.20000000000002,92.00000000000001,187,276,328,359.80000000000007,377.1999999999999,Comal
8,17,74,90.80000000000001,186,274,326,360.40000000000003,376.9999999999999,Comal
8,18,74.80000000000001,89.60000000000001,186,270,328,362.20000000000005,376.1999999999999,Comal
8,19,76.4,88.4,183,270,325,361,375.1999999999999,Comal
8,20,76.7,92,186,267,324,357.80000000000007,374.7999999999999,Comal
8,21,75.68,90.80000000000001,184,264,324,359.6,372.5999999999999,Comal
8,22,73.2,93.6,183,264,322,356,374.2,Comal
8,23,71.6,97.6,183,264,325,357.4,378,Comal
8,24,71,103.60000000000001,183,264,324,359.6,377.19999999999993,Comal
8,25,71.4,108.4,185,266,322,362,376.1999999999999,Comal
8,26,70,113.60000000000002,188,266,322,358.8,375.1999999999999,Comal
8,27,68.67999999999999,113.60000000000002,187,266,322,357.20000000000005,374.39999999999986,Comal
8,28,67.56,113.60000000000002,187,265,328,356.6,371.79999999999984,Comal
8,29,67.66,112.4,185,268,325,358.4,370.99999999999983,Comal
8,30,68.2,111.40000000000002,186,266,328,358.8,372.59999999999985,Comal
8,31,69.2,109.4,184,266,324,359.6,372.59999999999985,Comal
9,1,70,109,180,268,322,359.80000000000007,374.7999999999999,Comal
9,2,72.4,111,177,264,320,357.4,379.4,Comal
9,3,71.6,112.6,174,266,324,357.4,379.59999999999997,Comal
9,4,70.80000000000001,114.6,177,264,326,358.8,375.1999999999999,Comal
9,5,70.80000000000001,116.80000000000001,180,263,328,359.4,369.59999999999985,Comal
9,6,70.2,116.80000000000001,186,264,327,360.4,372.79999999999984,Comal
9,7,69.6,117.20000000000002,194,264,331,358.4,373.9999999999999,Comal
9,8,70.76,119,197,265,332,359,380.2,Comal
9,9,73.4,119,197,270,336,358.4,381.1999999999999,Comal
9,10,75.4,120.4,197,272,333,360.4,379.3999999999999,Comal
9,11,75.4,120.4,198,268,333,362.20000000000005,379.3999999999999,Comal
9,12,75.8,120.00000000000001,200,270,333,363.20000000000005,377.59999999999997,Comal
9,13,74.4,118.80000000000001,199,272,333,364.4,378.5999999999999,Comal
9,14,73.4,119,201,272,332,364.6,379.59999999999985,Comal
9,15,73.6,118.20000000000002,204,274,335,364.6,381.9999999999999,Comal
9,16,76.4,118.60000000000001,206,275,336,365.8,383.1999999999998,Comal
9,17,76.2,120,203,274,332,368.4,379.79999999999984,Comal
9,18,76.80000000000001,120.4,204,275,333,367.8,381.7999999999999,Comal
9,19,77.12,119.40000000000002,205,277,336,368.4,384.99999999999994,Comal
9,20,77.46000000000001,120.20000000000002,205,280,336,365,386.2,Comal
9,21,78.60000000000001,120.40000000000002,207,279,336,365.8,385.4,Comal
9,22,78.30000000000001,122.60000000000002,207,281,336,365,384.79999999999995,Comal
9,23,78,127.8,210,281,336,365,388.2,Comal
9,24,76.75,134,211.5,280.5,336.5,365,385.25,Comal
9,25,75.2,139.60000000000002,213,281,336,365.8,385.2,Comal
9,26,75.4,141.00000000000003,213,281,336,363.8,386,Comal
9,27,75.6,145.60000000000005,217,278,336,368.6,386,Comal
9,28,74.60000000000001,150.20000000000005,214,280,332,369.40000000000003,386.59999999999997,Comal
9,29,80.25,165,215.5,283.5,333.25,370,389,Comal
9,30,75.72,151.80000000000004,212,283,330,370,387.2,Comal
10,1,78.80000000000001,153.00000000000003,211,280,330,370,383.4,Comal
10,2,78,153.80000000000004,211,280,333,370.4,382.4,Comal
10,3,76.4,154.60000000000002,214,282,333,372.6,384.2,Comal
10,4,77.8,155.8,214,281,335,373,385,Comal
10,5,79.2,155.8,214,280,336,373,384.4,Comal
10,6,80.4,155.40000000000003,215,279,335,372.6,385,Comal
10,7,84.5,153,215.75,281,336.5,370.5,384.75,Comal
10,8,84.25,152.5,218.25,282,336.25,372.5,387.5,Comal
10,9,84.8,155.00000000000003,215,281,335,371.6,389.4,Comal
10,10,86.4,152.80000000000004,215,281,335,370.8,390,Comal
10,11,89.76,152.40000000000003,215,281,335,370,390,Comal
10,12,92.2,152.80000000000004,215,282,336,370,388.59999999999997,Comal
10,13,97.19999999999999,162.8,222.5,286,331,370,389.2,Comal
10,14,92.4,155.80000000000004,212,282,331,368.8,389.59999999999997,Comal
10,15,92.8,157.00000000000003,216,282,332,370,389.4,Comal
10,16,93.60000000000001,156.40000000000003,222,282,336,370,389.2,Comal
10,17,92.8,156.40000000000003,219,282,334,370,390.7999999999999,Comal
10,18,93.80000000000001,156.40000000000003,219,283,330,368.20000000000005,391.5999999999999,Comal
10,19,95.4,158,221,285,327,367.6,395.2,Comal
10,20,94,158.4,224,284,327,367.6,393.99999999999994,Comal
10,21,95.4,158.8,225,286,330,366.40000000000003,396.4,Comal
10,22,96,155.00000000000003,225,288,334,367.4,395.99999999999994,Comal
10,23,96.6,155.8,226,289,336,366.4,394.7999999999999,Comal
10,24,97.4,156.00000000000003,226,290,336,370.6,402.79999999999995,Comal
10,25,99.4,156.20000000000005,226,289,335,374.2000000000001,402.99999999999994,Comal
10,26,101.75,167.5,228.75,290,338,377.5,406.5,Comal
10,27,104.5,170.5,229.5,290,338.25,376,408,Comal
10,28,107,170.5,231.75,290,339.25,375,411.25,Comal
10,29,111,170.5,235.25,289,338.5,377,411.25,Comal
10,30,114.25,170.5,239,290,335.25,376.5,410,Comal
10,31,115.75,172,238.75,290,338.25,377,408.75,Comal
11,1,119.5,172,238,290,337.25,379,409.75,Comal
11,2,118.75,174,237.5,290,338,377,409.75,Comal
11,3,118.75,174.5,237.75,290,336.5,376.5,409.5,Comal
11,4,118.25,176.5,235.5,290,336.25,375,409,Comal
11,5,118.75,178.5,237.75,290,339.25,378.5,408,Comal
11,6,118,178,240.5,290,340.5,377,407.25,Comal
11,7,119.25,177.5,238.75,291,339.25,379,407.5,Comal
11,8,119.5,178.5,238.75,294.5,340,381,410.5,Comal
11,9,121.5,180,238.75,294.5,340.5,381.5,408.75,Comal
11,10,122.25,179.5,242,294,340.25,382.5,410.75,Comal
11,11,123.5,180.5,242,294,342,383,410,Comal
11,12,124.25,180.5,242,294,342.25,382.5,409.5,Comal
11,13,125.25,178,242,291,342,379.5,410,Comal
11,14,127.25,177,242,292.5,342.5,382,412,Comal
11,15,128,179,242,294,342.75,382,411.75,Comal
11,16,129,179.5,242,294,345,379.5,412.5,Comal
11,17,130.25,178.5,242,294.5,342.75,379.5,412.75,Comal
11,18,130.75,178.5,242,294,342.75,381.5,420.25,Comal
11,19,130.75,180,245,294,342.75,384.5,418,Comal
11,20,130.75,179.5,242,295,339.75,384,418,Comal
11,21,130.75,179.5,240.5,294,340.5,385,419.25,Comal
11,22,133.75,178.5,242,295.5,341.25,386.5,417.25,Comal
11,23,135.75,181.5,242.75,295.5,341.25,390.5,417.5,Comal
11,24,138,183.5,244.25,297.5,344,393,417.5,Comal
11,25,139.5,185.5,245,298,345,392,418.25,Comal
11,26,140.75,186.5,248,299.5,345,392.5,417.5,Comal
11,27,142.25,186.5,248,300,345,391.5,418,Comal
11,28,143.5,188,248.75,301,345.25,393.5,418.25,Comal
11,29,141.75,189.5,249.5,300.5,345,395,417.25,Comal
11,30,140.25,191,249,300,345,397,418,Comal
12,1,139.25,191.5,249.5,301.5,345.75,395,418.25,Comal
12,2,139.5,191,250,302,345.25,399,418.5,Comal
12,3,137.75,189.5,250,302,346.25,400.5,416.75,Comal
12,4,136.25,189.5,250,304,346.25,396,416.5,Comal
12,5,135.25,187.5,253,303.5,345,399,416.5,Comal
12,6,135,188,250,303.5,345.25,396,418.75,Comal
12,7,135,187,253,303,346,398,417,Comal
12,8,133.75,187.5,253,304,345.5,401,417,Comal
12,9,133,186,253,303.5,345.25,402.5,417.5,Comal
12,10,133.75,186,253,304,348.5,404.5,418.25,Comal
12,11,134.5,187.5,253,304,346,404.5,420.75,Comal
12,12,135.25,189,253,304,349.25,406.5,420.5,Comal
12,13,135.5,189,253,304,350.25,409,421.25,Comal
12,14,135.25,188,253,304.5,350,406,421.75,Comal
12,15,133.25,189,253,304,349,407,424,Comal
12,16,133,191,254,304,348.5,407,427.25,Comal
12,17,131.5,190.5,254,304.5,348.5,407,420.75,Comal
12,18,132.25,190,254,305,347.75,405.5,418.25,Comal
12,19,133,189.5,254,305,345.5,405.5,420.25,Comal
12,20,133.75,189.5,254,307.5,347.75,404,420.25,Comal
12,21,133,189,254,305,346.25,405.5,421,Comal
12,22,132.25,189.5,254,305,345.5,405.5,418.75,Comal
12,23,131.75,191.5,254,305.5,345.5,404.5,418.25,Comal
12,24,133,190.5,254,305.5,348,403.5,416.75,Comal
12,25,134.5,193,256.25,308,351.5,402.5,417,Comal
12,26,133.75,194.5,257.75,308,354.25,401,417,Comal
12,27,133.5,195.5,259.25,308,351,400.5,417,Comal
12,28,132.75,195,257.75,308,352,401,416.75,Comal
12,29,132,196.5,257.75,310.5,354.25,399,416.5,Comal
12,30,133,196.5,257.75,308,352,398.5,418.25,Comal
12,31,133.75,196,256.25,308,351.5,400,418.25,Comal
1,1,86.7,98.69999999999999,122.5,156.5,201,275.00000000000006,319.65,San Marcos
1,2,86.7,100.4,118.5,156,201,271.6,319.3,San Marcos
1,3,87.35,99.69999999999999,119.25,154.5,201,269.90000000000003,317.65,San Marcos
1,4,87.7,100,118.5,153.5,200.75,266.5000000000001,319.3,San Marcos
1,5,89.05,99.69999999999999,117,153,200.75,263.0000000000001,321.3,San Marcos
1,6,89.05,100.4,118,157,199.25,264.00000000000006,317.65,San Marcos
1,7,89.05,100.1,118.5,155.5,196.25,264.4000000000001,316,San Marcos
1,8,89.69999999999999,100.1,119.5,154.5,196.25,266.1000000000001,317.95000000000005,San Marcos
1,9,89,100.1,121,155,196,269.90000000000003,317.65,San Marcos
1,10,88.35,99.8,120,157.5,195.75,266.20000000000005,317.3,San Marcos
1,11,88.35,100.1,120,157.5,195.75,263.1,315.6,San Marcos
1,12,89,99.4,121.5,159,202.25,263.70000000000005,314.3,San Marcos
1,13,89,99.4,122.5,158.5,200.5,262.6000000000001,314,San Marcos
1,14,89.35,99.4,122.5,158,200,262.2000000000001,311.65,San Marcos
1,15,88.7,98.39999999999999,122.75,162,199.25,263.6000000000001,311.95000000000005,San Marcos
1,16,88.7,97.7,122.25,161.5,199.25,262.70000000000005,310.95000000000005,San Marcos
1,17,88.7,98,122.25,160,199.25,262.80000000000007,311.65,San Marcos
1,18,88.7,97.7,122.25,158.5,199.25,262.50000000000006,309.3,San Marcos
1,19,89.05,97.7,124,160,200.5,261.50000000000006,308.95000000000005,San Marcos
1,20,89.05,97.4,121.75,159.5,201.75,260.80000000000007,308.3,San Marcos
1,21,89.35,100.4,122,158.5,201.25,260.50000000000006,307.95000000000005,San Marcos
1,22,92.44999999999999,102.4,127,157.5,201.5,275.20000000000005,307.6,San Marcos
1,23,92.44999999999999,102.4,129.25,157.5,201.5,277.1,306.20000000000005,San Marcos
1,24,92.44999999999999,102.7,126.75,158.5,201.75,277.5,304.20000000000005,San Marcos
1,25,92.8,107.2,127,158,201.75,276.6,302.20000000000005,San Marcos
1,26,92.8,106.9,127,158,201.5,275.3,301.20000000000005,San Marcos
1,27,92.44999999999999,106.9,127,158.5,201.5,274.20000000000005,302.3,San Marcos
1,28,92.1,108.3,130,159,201.5,272.9,301.65,San Marcos
1,29,92.1,108.3,131,158.5,201.25,271.90000000000003,300.65,San Marcos
1,30,91.75,108.3,130.75,158,201,271.5,300.3,San Marcos
1,31,91.75,107.3,130.75,157.5,201,269.70000000000005,299.25,San Marcos
2,1,91.75,106.60000000000001,131.25,157.5,201,268.90000000000003,295.3,San Marcos
2,2,91.75,106.30000000000001,129.75,156.5,200.5,266.80000000000007,295.25,San Marcos
2,3,92.4,106.30000000000001,128.5,157,201.25,262.9000000000001,293.95000000000005,San Marcos
2,4,92.69999999999999,105.30000000000001,127,157.5,200.75,272.9,293,San Marcos
2,5,92.05,106.30000000000001,130.5,157.5,200.25,274.40000000000003,293.20000000000005,San Marcos
2,6,92.05,105.70000000000002,126.75,159.5,200.75,274.1,294.3,San Marcos
2,7,92.69999999999999,105.70000000000002,127,160.5,201.5,274.1,290.3,San Marcos
2,8,92.69999999999999,105.70000000000002,126,160.5,201,275.30000000000007,287.95000000000005,San Marcos
2,9,93.35,105.70000000000002,126.5,164.5,200.5,269.90000000000003,286.3,San Marcos
2,10,93.69999999999999,106,125.5,163.5,200.25,268.70000000000005,286.3,San Marcos
2,11,93.69999999999999,104.6,122,161.5,199.25,267.8,297.2500000000001,San Marcos
2,12,94.05,104.9,122,161,199.25,266.9,297.95000000000016,San Marcos
2,13,94.4,105.60000000000001,126,163.5,198.5,266,295.6500000000001,San Marcos
2,14,94.4,105.60000000000001,126.5,163.5,198.5,266,295.0000000000001,San Marcos
2,15,94.75,104.9,128.5,163,198.5,266,294.35000000000014,San Marcos
2,16,93.75,104.6,127.75,163,199.25,264.6,293.05000000000007,San Marcos
2,17,93.1,104.2,126.75,163,201.25,263.3,293.4000000000001,San Marcos
2,18,93.45,104.2,125.75,162.5,200.5,262.90000000000003,294.4000000000001,San Marcos
2,19,92.15,104.9,126.75,162,199.25,261.8,294.7500000000001,San Marcos
2,20,91.5,104.5,126.75,162.5,200,262.1,294.7500000000001,San Marcos
2,21,91.5,104.2,128,160.5,200,260.6,293.4000000000001,San Marcos
2,22,91.5,104.2,129.25,160,197.25,259.90000000000003,293.4000000000001,San Marcos
2,23,91.5,104.2,128.5,160,196,260.6,293.1000000000001,San Marcos
2,24,91.15,104.1,129.25,162,199.5,263.70000000000005,294.55000000000007,San Marcos
2,25,91.8,104.39999999999999,130,161,200.25,262.70000000000005,295.20000000000005,San Marcos
2,26,92.15,105.7,130,157.5,205.5,261.30000000000007,291.05000000000007,San Marcos
2,27,91.8,105.4,131.5,156.5,203.5,261,291.05000000000007,San Marcos
2,28,91.5,105,132,158,202.75,259.00000000000006,291.7000000000001,San Marcos
2,29,102,110.2,138,157,167,245.8,283.79999999999984,San Marcos
3,1,91.5,106.7,132,159,205.25,257.00000000000006,291.05000000000007,San Marcos
3,2,92.8,106.7,131.5,159.5,204.75,258.5,291.7000000000001,San Marcos
3,3,92.8,106,131.25,158,204.75,259.2,290.4000000000001,San Marcos
3,4,93.45,106,128.75,158.5,206.25,258.9,288.6500000000001,San Marcos
3,5,93.45,108,127,158,206,257.5,288.6500000000001,San Marcos
3,6,93.8,108,128.5,157,204.75,262.3,286.7000000000001,San Marcos
3,7,94.44999999999999,107.7,127.75,157.5,207,262.3,284.6500000000001,San Marcos
3,8,94.44999999999999,107,128.75,159,206,261.5,284.0000000000001,San Marcos
3,9,94.8,108,129,157,205.5,260.20000000000005,282.3000000000001,San Marcos
3,10,94.8,108,129,157.5,205.75,259.2,281.95000000000016,San Marcos
3,11,94.8,107.7,128.5,158.5,205.25,261.20000000000005,283.6500000000001,San Marcos
3,12,95.5,107.7,129.75,160.5,209.5,258.29999999999995,279.60000000000014,San Marcos
3,13,96.5,107.7,128.75,158,209.25,258,277.90000000000015,San Marcos
3,14,96.8,108.7,129.5,159,213.75,256.6,276.90000000000015,San Marcos
3,15,96.45,108.7,130,157,214.25,255.60000000000002,276.6500000000001,San Marcos
3,16,95.75,108,127.75,157,213.25,253.6,275.05000000000007,San Marcos
3,17,95.75,108,127.75,157,215.25,255,275.35000000000014,San Marcos
3,18,98.1,108,128.5,160,215.75,253,275.4000000000001,San Marcos
3,19,97.75,107.7,130,161,214.5,251,274.1000000000001,San Marcos
3,20,97.75,107.7,128.5,161,216.75,249.3,274.85,San Marcos
3,21,100,108,128.5,160,217,248.60000000000002,274.20000000000005,San Marcos
3,22,101.39999999999999,109,127.75,160,217.25,249.3,272.25,San Marcos
3,23,100.4,108,127,161,216.5,251.60000000000002,269.90000000000003,San Marcos
3,24,101.39999999999999,108,127,158,217,253,268.6,San Marcos
3,25,102.1,108.7,127,159,216,253,268.25,San Marcos
3,26,102.1,108,127,162,216.75,249.20000000000002,269.25,San Marcos
3,27,102.1,108,130.75,162,218.5,248,268.95000000000005,San Marcos
3,28,102.1,108,130.25,162.5,218.5,246.20000000000002,269.3,San Marcos
3,29,103.1,108,127,162,217,245.3,270.3,San Marcos
3,30,103.05000000000001,108.7,127,162,217.75,245,268,San Marcos
3,31,103,108.4,127,162,217,245.3,266.95000000000005,San Marcos
4,1,103.35,109,127,162,217.75,241.8,265.95000000000005,San Marcos
4,2,104,109,126.75,162,220,242.8,264.6,San Marcos
4,3,104,109.69999999999999,127,162,217.75,246.3,264.25,San Marcos
4,4,103.35,108,127,164.5,216.25,244.20000000000002,264.20000000000005,San Marcos
4,5,103.35,106,126.75,164.5,218.5,241.8,263.85,San Marcos
4,6,102.7,107.7,125.75,167,217.75,242.5,262.80000000000007,San Marcos
4,7,102.7,108,126.25,164.5,216.25,245,260.7500000000001,San Marcos
4,8,102.35,106.7,128.5,165.5,217,245.20000000000002,258.1000000000001,San Marcos
4,9,102,106.7,125,167,216,245.3,259.1000000000001,San Marcos
4,10,102.35,105.7,124.75,166,212.5,244.3,257.1000000000001,San Marcos
4,11,101.69999999999999,105.4,124.75,165.5,211.75,243.60000000000002,258.90000000000003,San Marcos
4,12,101.39999999999999,106,124.75,165,212.25,241.6,261.3,San Marcos
4,13,100.05,106,125.75,166,212.5,241.50000000000003,266.50000000000006,San Marcos
4,14,100.69999999999999,107,125,165.5,212.75,241.8,271.05000000000007,San Marcos
4,15,100.35,107,124.75,162,213.25,242.40000000000003,276.50000000000006,San Marcos
4,16,101,107.7,124.75,162,214.25,242.70000000000005,276.20000000000005,San Marcos
4,17,100,106.7,122.75,163,212.75,243.8,276.3,San Marcos
4,18,100.35,106.7,122.75,162,212.25,249.50000000000003,280.85,San Marcos
4,19,101.04999999999998,107,122.75,161.5,214.25,252.20000000000002,283.7500000000001,San Marcos
4,20,101.04999999999998,106.7,122,162,213.25,250.5,283.4000000000001,San Marcos
4,21,100.69999999999999,106,123.5,160.5,212.25,249.8,285.4000000000001,San Marcos
4,22,101.35,106,126.25,160,211.25,253.3,284.50000000000006,San Marcos
4,23,102,106,126.25,160,211.25,254.5,286.65,San Marcos
4,24,102,106,126.25,159.5,209.25,254.8,287.95000000000005,San Marcos
4,25,101.69999999999999,105.7,123.5,162,208.5,251.70000000000005,287.95000000000005,San Marcos
4,26,101.04999999999998,105.7,123.5,165,209.5,249.8,288.3,San Marcos
4,27,101.39999999999999,106.7,125.5,166.5,213,248.20000000000002,286.3,San Marcos
4,28,102.7,106,124.75,166,216,246.8,283.95000000000005,San Marcos
4,29,102.35,106.7,123.75,166.5,215.25,256.3,282.3,San Marcos
4,30,101.04999999999998,109.5,124,166.5,215.5,259,280.65,San Marcos
5,1,101.35,109.5,124,168.5,214.5,246.50000000000006,278.95000000000005,San Marcos
5,2,102.35,108.9,123.5,165.5,216.25,245.4000000000001,278,San Marcos
5,3,102.7,109.6,122.75,162.5,215.5,247.10000000000005,277,San Marcos
5,4,102.7,109.2,127,163,216.25,262.30000000000007,276.65,San Marcos
5,5,102.35,108.5,131.25,163,215.5,260.90000000000003,278.3,San Marcos
5,6,101.35,107.80000000000001,131,165.5,215.5,264.80000000000007,278.65,San Marcos
5,7,101,107.80000000000001,128,167.5,215.5,267.3,277.3,San Marcos
5,8,100.35,107.5,129.75,167,217,268.80000000000007,278.95000000000005,San Marcos
5,9,100,107.5,130.5,167,217,266.70000000000005,277.65,San Marcos
5,10,100.35,106.80000000000001,130.75,172,217,265.00000000000006,278.3,San Marcos
5,11,100,106.5,129.25,173.5,216.25,266.1,279.25,San Marcos
5,12,99.7,109,129.75,174.5,217,265.8,278.25,San Marcos
5,13,99,109.6,131,175.5,217,264.40000000000003,277.6,San Marcos
5,14,99.35,110,130.5,176.5,217,264.80000000000007,276.95000000000005,San Marcos
5,15,100,109.4,131.25,174.5,219,264.80000000000007,273.95000000000005,San Marcos
5,16,101,109.7,127.75,174.5,219,261.70000000000005,270.65,San Marcos
5,17,101,110,127,179,219,261.40000000000003,270,San Marcos
5,18,101.35,110,130.75,178,226,261.1,269.65,San Marcos
5,19,100.35,109.6,132,178,225.25,264.9,277.80000000000007,San Marcos
5,20,100.69999999999999,109.6,131.75,176,225.25,264.20000000000005,271.3,San Marcos
5,21,99.7,109.6,129.25,179.5,225.25,261.6,270.65,San Marcos
5,22,100.35,109.9,128.5,180,225.25,257.3,269.90000000000003,San Marcos
5,23,100.35,111.2,127.75,182,223.5,259.3,270.65,San Marcos
5,24,98.69999999999999,110.2,127.75,180.5,226.5,264.6,274.25,San Marcos
5,25,98.35,110.2,127,180.5,226.25,266.29999999999995,276.85,San Marcos
5,26,99.39999999999999,110.4,127,179,227,264.6,275.20000000000005,San Marcos
5,27,100.35,111.4,131.25,180.5,227,260.70000000000005,279.3,San Marcos
5,28,100.69999999999999,113.8,132,180,226.75,263.90000000000003,282.20000000000005,San Marcos
5,29,99.7,114.19999999999999,131.75,179,226.75,261.5,282.90000000000003,San Marcos
5,30,99.7,113.5,129.25,179.5,226.25,261.6,284.65,San Marcos
5,31,98.69999999999999,112.80000000000001,129.25,179,227.5,266.00000000000006,290.20000000000005,San Marcos
6,1,99.35,112.5,128.5,179.5,226,266.30000000000007,289.55000000000007,San Marcos
6,2,99.7,112.2,128.5,178,224.25,272.40000000000003,289.65,San Marcos
6,3,99.7,112.2,128.5,178.5,224.25,271.70000000000005,304.85000000000014,San Marcos
6,4,97.4,110.8,127,178.5,225.25,269.9,317.5000000000003,San Marcos
6,5,96.7,110.1,127,179.5,226.5,267.8,317.9500000000004,San Marcos
6,6,96.05000000000001,110.8,127,182,236.25,272,319.9000000000004,San Marcos
6,7,96.05000000000001,109.8,127,181,242,272,323.9000000000004,San Marcos
6,8,96.05000000000001,109.8,131.5,182.5,237.75,260.40000000000003,323.5500000000004,San Marcos
6,9,95.4,109.1,131.75,182.5,237,262.5,323.2000000000004,San Marcos
6,10,95.75,109.1,130,183.5,236.25,259.00000000000006,326.35000000000036,San Marcos
6,11,95.4,108.7,130.25,180.5,235.5,263.90000000000003,332.7000000000002,San Marcos
6,12,94.7,107.7,129,180,232.75,265.3,335.50000000000017,San Marcos
6,13,94.35,107.7,126.5,182.5,235.75,261.1,332.7000000000002,San Marcos
6,14,94.35,107.7,127,182,236.25,261.1,331.30000000000024,San Marcos
6,15,93.69999999999999,108,128.5,184,237.25,262.90000000000003,329.9500000000003,San Marcos
6,16,93.69999999999999,107.7,128.5,186,236.25,270.9000000000001,329.90000000000026,San Marcos
6,17,97.5,110,127.75,185.5,235.25,271.70000000000005,335.50000000000017,San Marcos
6,18,96.45,110,129.25,183.5,232.25,271.9000000000001,338.0000000000001,San Marcos
6,19,96.1,110.4,129.25,186.5,229.25,273.30000000000007,344.65,San Marcos
6,20,94.7,109.8,129.25,182,230.25,270.20000000000005,343,San Marcos
6,21,94,109.39999999999999,128.5,185,230.25,273.4000000000001,342.65,San Marcos
6,22,94.35,110,129.25,187,228.5,271.00000000000017,341.3,San Marcos
6,23,95.05000000000001,110.69999999999999,129.25,187.5,229.25,286.70000000000005,339.55000000000007,San Marcos
6,24,95.7,109.69999999999999,128.5,188.5,231,268.4000000000001,337.1500000000001,San Marcos
6,25,95.7,108.7,127.75,187,229.25,265.0000000000001,339.95000000000005,San Marcos
6,26,95.35,107.4,128.5,190.5,229,264.20000000000016,338.95000000000005,San Marcos
6,27,94,107.4,127.25,186.5,229.5,266.20000000000016,336.25,San Marcos
6,28,93.35,109.39999999999999,127.75,184,227,271.50000000000017,334.90000000000003,San Marcos
6,29,94.05,109.39999999999999,127,182.5,226,275.2000000000002,335.50000000000006,San Marcos
6,30,93.60000000000001,107.6,129,182,225.5,274.99999999999994,328.79999999999995,San Marcos
7,1,93.35,107,128.75,183,225.75,272.4000000000001,327.65,San Marcos
7,2,93,107,127.25,182.5,227,277.4000000000001,327,San Marcos
7,3,91.7,107,128,183,226.5,279.0000000000001,326.3,San Marcos
7,4,92,107,125.5,182,227.75,279.80000000000007,323.3,San Marcos
7,5,92,106.4,126.25,179.5,226.75,281.5,319.95000000000005,San Marcos
7,6,90.05,105.4,124.75,179,225.5,277.8,317.6,San Marcos
7,7,89.69999999999999,104,123.75,180.5,225,285.70000000000005,315.6,San Marcos
7,8,90,104,123.75,177.5,224.75,285.30000000000007,315.95000000000005,San Marcos
7,9,89.35,103.69999999999999,125.25,177,226.25,283.7000000000001,315.6,San Marcos
7,10,88,102.10000000000001,125.25,176.5,225.5,283.0000000000001,315.95000000000005,San Marcos
7,11,88,102.8,126,176,224.25,282.1000000000001,315.3,San Marcos
7,12,86.7,101.80000000000001,126,176,224.25,286.30000000000007,314.6,San Marcos
7,13,86.7,98.39999999999999,126.75,176.5,223,283.50000000000006,313.90000000000003,San Marcos
7,14,87,98,126.75,179,221.5,281.50000000000006,312.85,San Marcos
7,15,86.35,98,123.75,179,221.75,278.50000000000006,312.25,San Marcos
7,16,86.35,98.69999999999999,125,178.5,220.5,276.6,314.20000000000005,San Marcos
7,17,85.69999999999999,98.69999999999999,128.5,178,220,277.70000000000005,314,San Marcos
7,18,85.05,99.4,129.5,177.5,219.25,278.90000000000003,314.6,San Marcos
7,19,85.69999999999999,98,130.75,177,219,277.20000000000005,314.55000000000007,San Marcos
7,20,86.35,98,129.75,176,215.75,282.6,313.90000000000003,San Marcos
7,21,87.35,98,128,172,214,281.7000000000001,314.25,San Marcos
7,22,88.35,98.69999999999999,127.75,174,214.5,279.70000000000016,315.65,San Marcos
7,23,87,99,126.75,174,214.25,280.0000000000001,316.3,San Marcos
7,24,87,99.69999999999999,127.75,172.5,213.25,277.3000000000001,316.95000000000005,San Marcos
7,25,87.35,101,128.5,172,213.25,276.3000000000001,317.6,San Marcos
7,26,86.7,100.7,127.75,170.5,210.75,275.0000000000001,316.20000000000005,San Marcos
7,27,86.35,99.69999999999999,126.75,169.5,210.5,275.2000000000001,316.20000000000005,San Marcos
7,28,86,96.80000000000001,125.75,169.5,212.5,272.9000000000001,314.85,San Marcos
7,29,85.35,97.10000000000001,125.5,168,213.25,270.5000000000001,314.80000000000007,San Marcos
7,30,85.05,98.69999999999999,125.5,167.5,213.25,268.9000000000001,313.80000000000007,San Marcos
7,31,84.7,98.69999999999999,125.25,166,214,266.10000000000014,314.1000000000001,San Marcos
8,1,84.7,98.8,125,165.5,211,265.5000000000001,313.7500000000001,San Marcos
8,2,84.7,96.4,124.75,165.5,210.25,268.30000000000007,315.05000000000007,San Marcos
8,3,84.7,95.80000000000001,124,163.5,209.5,267.4000000000001,312.7000000000001,San Marcos
8,4,84.7,94.8,123,162.5,208.75,266.80000000000007,310.7000000000001,San Marcos
8,5,84.05,97.3,122,164,210.25,264.1000000000001,309.7000000000001,San Marcos
8,6,84.05,97.6,121.75,166.5,211.25,258.30000000000007,310.6500000000001,San Marcos
8,7,83.75,98.19999999999999,120.75,163.5,210.25,257.2000000000001,309.3000000000001,San Marcos
8,8,83.75,97.6,121.75,164.5,206.5,259.30000000000007,307.3000000000001,San Marcos
8,9,83.1,96.80000000000001,122.5,162.5,206,257.5000000000001,304.90000000000015,San Marcos
8,10,81.15,95.4,122.5,161.5,206,256.9000000000001,304.20000000000016,San Marcos
8,11,81.15,94.69999999999999,121.75,162,201.5,255.80000000000013,301.50000000000017,San Marcos
8,12,82.8,93.39999999999999,121.75,160.5,201.5,255.10000000000014,301.50000000000017,San Marcos
8,13,85.1,93.39999999999999,121.75,160,200.5,255.80000000000013,301.1500000000002,San Marcos
8,14,84.44999999999999,92,121,159.5,200.5,253.7000000000001,301.20000000000016,San Marcos
8,15,86.05,93.69999999999999,120.25,160.5,200.25,250.20000000000016,301.95000000000016,San Marcos
8,16,84.1,95.1,119.5,159.5,201.5,249.90000000000015,299.6500000000001,San Marcos
8,17,83.75,93.69999999999999,120.25,159,201.5,249.8000000000001,298.0000000000001,San Marcos
8,18,85.69999999999999,92.10000000000001,118.5,159.5,201.25,250.00000000000009,295.35000000000014,San Marcos
8,19,86.35,92.8,118.5,159.5,200,247.5000000000001,294.05000000000007,San Marcos
8,20,88.7,93.39999999999999,118.5,159.5,196.25,245.1000000000001,294.7000000000001,San Marcos
8,21,87.35,92.8,119.25,158.5,197,244.1000000000001,293.1000000000001,San Marcos
8,22,86.7,92.8,119.5,157.5,196.25,245.6000000000001,291.1500000000001,San Marcos
8,23,86.35,93.69999999999999,118.75,157.5,196.5,243.30000000000007,289.55000000000007,San Marcos
8,24,86.35,93,117.25,157,195.5,242.70000000000007,286.90000000000003,San Marcos
8,25,87.35,94,118.5,157,195.75,240.7000000000001,284.25,San Marcos
8,26,86.7,93.39999999999999,118.5,156.5,198,241.4000000000001,282.65,San Marcos
8,27,87,93,117.75,154.5,197.5,249.9,285.90000000000003,San Marcos
8,28,86.35,93,117.75,154,195.75,240.90000000000003,285.20000000000005,San Marcos
8,29,87.7,92.7,117,152.5,194.25,243.00000000000006,284.55000000000007,San Marcos
8,30,87.4,92.7,117,152,192.75,243.00000000000006,282.90000000000003,San Marcos
8,31,89.35,93.69999999999999,117.75,152,193,242.10000000000002,281.90000000000003,San Marcos
9,1,90.35,92.4,117.75,152,198.5,240.9,280.90000000000003,San Marcos
9,2,90.35,92.7,116.75,153,196.5,239.3,279.90000000000003,San Marcos
9,3,90,93.69999999999999,115.75,152,195.5,238.60000000000002,280.3,San Marcos
9,4,89.35,93.39999999999999,114.75,153,194.25,236,278.95000000000005,San Marcos
9,5,89.69999999999999,93.39999999999999,114,152,193.25,236,277.95000000000005,San Marcos
9,6,89.69999999999999,92.7,115.5,152,194,236.3,277.25,San Marcos
9,7,89.69999999999999,92.7,113.75,152,195.25,237.50000000000003,275.90000000000003,San Marcos
9,8,88.7,91.4,116,152,193.25,236.3,273.90000000000003,San Marcos
9,9,88.7,92.7,115,152,191,235.3,272.20000000000005,San Marcos
9,10,90,91.7,118,152,190.25,233.6,270.85,San Marcos
9,11,89.35,92,118.75,152,189.25,232.20000000000002,269.85,San Marcos
9,12,87.35,91.7,118.75,150.5,191.25,231.20000000000005,268.85,San Marcos
9,13,86.35,92,118.5,151.5,195,230.3,267.85,San Marcos
9,14,86.7,91.7,117.25,152,194.25,229.6,266.85,San Marcos
9,15,86.35,91.7,117.5,149.5,193.75,228.20000000000002,265.85,San Marcos
9,16,87.7,92,117.5,149.5,195.5,225.10000000000002,264.20000000000005,San Marcos
9,17,88,91.7,117.5,149.5,196.25,223.40000000000003,261.85,San Marcos
9,18,87,91.80000000000001,115.75,150,196.25,223.10000000000002,259.50000000000006,San Marcos
9,19,86.7,91.80000000000001,115.75,152,194,222.10000000000002,261.1000000000001,San Marcos
9,20,85.69999999999999,91.5,114.75,152,193,223.90000000000003,260.1000000000001,San Marcos
9,21,86.05,91.80000000000001,115.5,150,192.5,222.20000000000002,257.1500000000001,San Marcos
9,22,86.05,91.80000000000001,114.75,151,192.5,220.50000000000003,254.20000000000005,San Marcos
9,23,85.05,91.80000000000001,116.25,150.5,192.5,221.20000000000002,255.50000000000006,San Marcos
9,24,85.35,91.10000000000001,117.25,150,191.5,221.3,252.90000000000003,San Marcos
9,25,85,92.5,115.5,150.5,190.75,219.60000000000002,252.65,San Marcos
9,26,84,91.80000000000001,114.75,154.5,189,217.9,254.60000000000002,San Marcos
9,27,84.35,91.80000000000001,115.25,152,190,217.6,255.20000000000005,San Marcos
9,28,83.7,91.80000000000001,116.5,152,189.75,219.3,255.25000000000003,San Marcos
9,29,84.35,92.5,116.5,152,189.75,218.29999999999998,253.55000000000004,San Marcos
9,30,84.35,92.8,116.25,152,189,216.20000000000002,251.85000000000005,San Marcos
10,1,84.35,92.8,117.75,154,189,214.5,251.15000000000006,San Marcos
10,2,84.35,92.8,117.75,154,190,213.8,250.15000000000006,San Marcos
10,3,84.35,93.5,119,154.5,189,212.9,248.45000000000007,San Marcos
10,4,83.7,93.5,119.5,154.5,189,210.6,247.45000000000007,San Marcos
10,5,83.05,92.8,118.75,157,186.75,209.3,246.45000000000007,San Marcos
10,6,83.05,93.8,118,157,185,208.9,244.4000000000001,San Marcos
10,7,82.35,93.39999999999999,117.75,157,188,209.20000000000002,242.7000000000001,San Marcos
10,8,81.35,92,117.75,157,186.75,208.9,241.7000000000001,San Marcos
10,9,81.69999999999999,92.7,117.5,156.5,185.25,207.60000000000002,240.0000000000001,San Marcos
10,10,83.35,93.39999999999999,116.75,156,186,206.60000000000002,238.60000000000014,San Marcos
10,11,83.35,94.1,117.5,153,185.5,206.60000000000002,236.95000000000013,San Marcos
10,12,83.7,93.39999999999999,117.5,152.5,190.25,208.80000000000004,236.60000000000014,San Marcos
10,13,84.05,93,117.25,157,190.25,212.9,257.0000000000001,San Marcos
10,14,86,93.69999999999999,118.25,157,192.5,208.00000000000003,257.95000000000016,San Marcos
10,15,85.35,93.69999999999999,118.5,157,189.5,207.30000000000004,256.3000000000001,San Marcos
10,16,85.05,93.69999999999999,119,154.5,189.25,216.60000000000002,254.0000000000001,San Marcos
10,17,84.35,93.39999999999999,119.75,157,190.75,216.60000000000002,253.3500000000001,San Marcos
10,18,84.05,94.1,119.75,154.5,190,216.50000000000003,256.3,San Marcos
10,19,85.75,95.5,119.75,154,191.5,219.60000000000002,259.25,San Marcos
10,20,85.1,96.2,119,153,193,221.20000000000002,257.6,San Marcos
10,21,85.45,96.5,118.75,152,194,220.3,258,San Marcos
10,22,85.1,95.5,118.75,152.5,195.25,221.3,258.65,San Marcos
10,23,85.1,94.8,118,152.5,197.25,226.60000000000005,259.3,San Marcos
10,24,86.44999999999999,95.7,118.75,153.5,198.25,234.29999999999998,262.55000000000007,San Marcos
10,25,86.44999999999999,96.5,118,153.5,197.25,236.40000000000003,269.05000000000007,San Marcos
10,26,87.80000000000001,101.8,118,152,198,236.79999999999998,273.3999999999999,San Marcos
10,27,87.80000000000001,102.4,118,152,195.5,235,275.19999999999993,San Marcos
10,28,87.10000000000001,102.4,118,152,196.5,234.6,274.89999999999986,San Marcos
10,29,89.2,102,118,157,197,234.39999999999998,274.8999999999999,San Marcos
10,30,89.5,102,118,152,197,234,284.99999999999994,San Marcos
10,31,91.2,102,117.5,152,196.5,232.6,286.49999999999994,San Marcos
11,1,91.2,102,118,152,197,236.2,281.79999999999995,San Marcos
11,2,90.9,101.19999999999999,119.5,152,196.5,244.59999999999997,278.99999999999994,San Marcos
11,3,90.9,100,120,152,194.5,247.39999999999998,277.79999999999995,San Marcos
11,4,90.5,100,118.5,151,194,247.6,285.2,San Marcos
11,5,90.5,100.6,118.5,151,195,248.4,288.09999999999997,San Marcos
11,6,91.2,100.4,119,149,196,247.79999999999998,286.5,San Marcos
11,7,90.5,99.6,120.5,148,197,247.79999999999998,286.5,San Marcos
11,8,90.5,99.2,120.5,149,196.5,249,286.2,San Marcos
11,9,89.9,99.4,121.5,154,197.5,248.6,284.8,San Marcos
11,10,88.9,98.6,122,154,195,247.4,282.79999999999995,San Marcos
11,11,89.2,98.2,122,152,195,247,281.7,San Marcos
11,12,89.80000000000001,98,122.5,155,196,245.39999999999998,281.7,San Marcos
11,13,89.80000000000001,96.80000000000001,123,155,195,245,281.5,San Marcos
11,14,90.5,97.2,122.5,153,195,244.6,280,San Marcos
11,15,90.9,97.2,122.5,154,197,243.99999999999997,279.7,San Marcos
11,16,90.3,97.4,122.5,152,203.5,247.59999999999997,278,San Marcos
11,17,89.30000000000001,97.80000000000001,122.5,152,203,251.19999999999996,278,San Marcos
11,18,88.3,100,122.5,152,202.5,256.4,277.70000000000005,San Marcos
11,19,87.6,98.4,124.5,153,203,267,284.4,San Marcos
11,20,88.3,97.60000000000001,125.5,152,201.5,273,291.19999999999993,San Marcos
11,21,87.9,96.80000000000001,125,151,199,270,306.5,San Marcos
11,22,88.2,98,125.5,152,199.5,268.2,309.9,San Marcos
11,23,88.9,99.2,125.5,152,199,268.2,316.69999999999993,San Marcos
11,24,88.2,99.6,123.5,152,214,269,317.9999999999999,San Marcos
11,25,88.2,99.6,122.5,152,211,266.6,315.9999999999999,San Marcos
11,26,87.2,100.6,126.5,152,210,266.2,317.39999999999986,San Marcos
11,27,87.6,99,126,152,211.5,274.79999999999995,323,San Marcos
11,28,87.3,99.6,125,152,213,273.59999999999997,315.9999999999999,San Marcos
11,29,87.3,99.6,124,152,213,263.4,316.4999999999999,San Marcos
11,30,87.3,98.6,124.5,152,213,261,314.89999999999986,San Marcos
12,1,86.3,98.6,123.5,152,212.5,257.6,313.1999999999999,San Marcos
12,2,87.3,99,125,152,212.5,256.4,314.4999999999999,San Marcos
12,3,88.3,99.2,128,157,211.5,255.39999999999998,316.0999999999999,San Marcos
12,4,88.6,99.2,126,157,211,254.39999999999998,316.2999999999999,San Marcos
12,5,89,99,126,154,211.5,252.79999999999998,315.5999999999999,San Marcos
12,6,89,98.6,125.5,157,211,252.6,317.8999999999999,San Marcos
12,7,88.3,99.2,125,157,210.5,253.79999999999998,317.4999999999999,San Marcos
12,8,88,98.6,124.5,155,207.5,251.99999999999997,319.49999999999994,San Marcos
12,9,88,100.19999999999999,124,155,205,251.59999999999997,320.79999999999995,San Marcos
12,10,89,99,123.5,155,207.5,251.4,322.09999999999997,San Marcos
12,11,89.30000000000001,99.2,123.5,155,207.5,253.4,321.9,San Marcos
12,12,89,98.6,122.5,155,206,253.4,326.9,San Marcos
12,13,89,98,122.5,155,206,250.2,323,San Marcos
12,14,89.60000000000001,98.6,122.5,155,205.5,248.8,322.79999999999995,San Marcos
12,15,88.6,98.6,122.5,155,201,250,323.19999999999993,San Marcos
12,16,87.9,98.2,121.5,152,201.5,247,324.99999999999994,San Marcos
12,17,88.6,98.6,122,152,204,246.4,323.29999999999995,San Marcos
12,18,87.9,99.6,124.5,152,206,245.2,323.29999999999995,San Marcos
12,19,87.5,100.8,122,152,201,244.6,321.4,San Marcos
12,20,88.5,99.8,121.5,161,203.5,243.99999999999997,320.0999999999999,San Marcos
12,21,88.8,99.8,121.5,160,207,261.4,319.69999999999993,San Marcos
12,22,88.4,99.6,122.5,159,207.5,261.79999999999995,328.9,San Marcos
12,23,88.7,99.6,122,159,206.5,260.19999999999993,326.1,San Marcos
12,24,88.4,100.19999999999999,121,159,206.5,266.19999999999993,324.7,San Marcos
12,25,88.7,101,121,157,204.5,268.79999999999995,323.7,San Marcos
12,26,91.10000000000001,101,120.5,157,204,271.4,323.7,San Marcos
12,27,90.4,100.6,123.5,157,204,273.2,324.09999999999997,San Marcos
12,28,90.7,100.8,123.5,157,203,274.8,322.1,San Marcos
12,29,90,99.8,122.5,158,203,276.2,320.09999999999997,San Marcos
12,30,90.7,99.8,122.5,156,203,277.8,320.4,San Marcos
12,31,98,100.5,127.5,156.5,203.75,277.5,319.75,San Marcos
